{"parent":"minecraft:item/handheld","textures":{"layer0":"minecraft:item/diamond_shovel"},"overrides":[{"predicate":{"custom_model_data":7},"model":"eternal:auto_generated/platineshovel"},{"predicate":{"custom_model_data":8},"model":"eternal:auto_generated/crematiteshovel"},{"predicate":{"custom_model_data":10},"model":"eternal:auto_generated/enderniteshovel"},{"predicate":{"custom_model_data":11},"model":"eternal:auto_generated/magmatiteshovel"},{"predicate":{"custom_model_data":12},"model":"minecraft:item/diamond_shovel"}]}