{"parent":"minecraft:item/handheld","textures":{"layer0":"minecraft:item/diamond_axe"},"overrides":[{"predicate":{"custom_model_data":7},"model":"eternal:auto_generated/diamondbattleaxe"},{"predicate":{"custom_model_data":8},"model":"eternal:auto_generated/platinebattleaxe"},{"predicate":{"custom_model_data":9},"model":"eternal:auto_generated/crematitebattleaxe"},{"predicate":{"custom_model_data":10},"model":"eternal:auto_generated/magmatitebattleaxe"},{"predicate":{"custom_model_data":11},"model":"eternal:auto_generated/endernitebattleaxe"},{"predicate":{"custom_model_data":12},"model":"eternal:auto_generated/crematiteaxe"},{"predicate":{"custom_model_data":13},"model":"eternal:auto_generated/magmatiteaxe"},{"predicate":{"custom_model_data":14},"model":"eternal:auto_generated/enderniteaxe"},{"predicate":{"custom_model_data":15},"model":"minecraft:item/diamond_axe"}]}