{"parent":"minecraft:item/generated","textures":{"layer0":"minecraft:item/diamond_helmet"},"overrides":[{"predicate":{"custom_model_data":1},"model":"eternal:auto_generated/platinehelmet"},{"predicate":{"custom_model_data":2},"model":"eternal:auto_generated/crematitehelmet"},{"predicate":{"custom_model_data":3},"model":"eternal:auto_generated/magmatitehelmet"},{"predicate":{"custom_model_data":4},"model":"eternal:auto_generated/endernitehelmet"},{"predicate":{"custom_model_data":5},"model":"minecraft:item/diamond_helmet"}]}