{"parent":"minecraft:item/generated","textures":{"layer0":"minecraft:item/diamond_leggings"},"overrides":[{"predicate":{"custom_model_data":2},"model":"eternal:auto_generated/platineleggins"},{"predicate":{"custom_model_data":3},"model":"eternal:auto_generated/crematiteleggins"},{"predicate":{"custom_model_data":4},"model":"eternal:auto_generated/magmatiteleggins"},{"predicate":{"custom_model_data":5},"model":"eternal:auto_generated/enderniteleggins"},{"predicate":{"custom_model_data":6},"model":"minecraft:item/diamond_leggings"}]}