{"parent":"minecraft:item/handheld","textures":{"layer0":"minecraft:item/diamond_sword"},"overrides":[{"predicate":{"custom_model_data":24},"model":"eternal:auto_generated/crematitesword"},{"predicate":{"custom_model_data":25},"model":"eternal:auto_generated/platinesword"},{"predicate":{"custom_model_data":26},"model":"eternal:auto_generated/magmatitesword"},{"predicate":{"custom_model_data":27},"model":"eternal:auto_generated/endernitesword"},{"predicate":{"custom_model_data":28},"model":"eternal:auto_generated/diamondrapire"},{"predicate":{"custom_model_data":29},"model":"eternal:auto_generated/platinerapire"},{"predicate":{"custom_model_data":30},"model":"eternal:auto_generated/crematiterapire"},{"predicate":{"custom_model_data":31},"model":"eternal:auto_generated/magmatiterapire"},{"predicate":{"custom_model_data":32},"model":"eternal:auto_generated/enderniterapire"},{"predicate":{"custom_model_data":33},"model":"eternal:auto_generated/diamonddagger"},{"predicate":{"custom_model_data":34},"model":"eternal:auto_generated/platinedagger"},{"predicate":{"custom_model_data":35},"model":"eternal:auto_generated/crematitedagger"},{"predicate":{"custom_model_data":36},"model":"eternal:auto_generated/magmatitedagger"},{"predicate":{"custom_model_data":37},"model":"eternal:auto_generated/endernitedagger"},{"predicate":{"custom_model_data":38},"model":"minecraft:item/diamond_sword"}]}