{"parent":"minecraft:item/handheld","textures":{"layer0":"minecraft:item/diamond_pickaxe"},"overrides":[{"predicate":{"custom_model_data":11},"model":"eternal:auto_generated/platinepickaxe"},{"predicate":{"custom_model_data":12},"model":"eternal:auto_generated/platineaxe"},{"predicate":{"custom_model_data":13},"model":"eternal:auto_generated/crematitepickaxe"},{"predicate":{"custom_model_data":14},"model":"eternal:auto_generated/magmatitepickaxe"},{"predicate":{"custom_model_data":15},"model":"eternal:auto_generated/endernitepickaxe"},{"predicate":{"custom_model_data":16},"model":"minecraft:item/diamond_pickaxe"}]}