{"parent":"minecraft:item/generated","textures":{"layer0":"minecraft:item/diamond_boots"},"overrides":[{"predicate":{"custom_model_data":1},"model":"eternal:auto_generated/platineboots"},{"predicate":{"custom_model_data":2},"model":"eternal:auto_generated/crematiteboots"},{"predicate":{"custom_model_data":3},"model":"eternal:auto_generated/magmatiteboots"},{"predicate":{"custom_model_data":4},"model":"eternal:auto_generated/enderniteboots"},{"predicate":{"custom_model_data":5},"model":"minecraft:item/diamond_boots"}]}