{"parent":"minecraft:item/generated","textures":{"layer0":"minecraft:item/diamond_chestplate"},"overrides":[{"predicate":{"custom_model_data":1},"model":"eternal:auto_generated/platinechestplate"},{"predicate":{"custom_model_data":2},"model":"eternal:auto_generated/crematitechestplate"},{"predicate":{"custom_model_data":3},"model":"eternal:auto_generated/magmatitechestplate"},{"predicate":{"custom_model_data":4},"model":"eternal:auto_generated/endernitechestplate"},{"predicate":{"custom_model_data":5},"model":"minecraft:item/diamond_chestplate"}]}