{"parent":"minecraft:item/handheld","textures":{"layer0":"minecraft:item/diamond_hoe"},"overrides":[{"predicate":{"custom_model_data":7},"model":"eternal:auto_generated/platinehoe"},{"predicate":{"custom_model_data":8},"model":"eternal:auto_generated/crematitehoe"},{"predicate":{"custom_model_data":9},"model":"eternal:auto_generated/magmatitehoe"},{"predicate":{"custom_model_data":10},"model":"eternal:auto_generated/endernitehoe"},{"predicate":{"custom_model_data":11},"model":"minecraft:item/diamond_hoe"}]}