{"parent":"minecraft:item/generated","textures":{"layer0":"minecraft:item/paper"},"overrides":[{"predicate":{"custom_model_data":127},"model":"mcicons:auto_generated/icon_left_gray"},{"predicate":{"custom_model_data":128},"model":"mcicons:auto_generated/icon_left_blue"},{"predicate":{"custom_model_data":129},"model":"mcicons:auto_generated/icon_right_gray"},{"predicate":{"custom_model_data":130},"model":"mcicons:auto_generated/icon_right_blue"},{"predicate":{"custom_model_data":131},"model":"mcicons:auto_generated/icon_up_gray"},{"predicate":{"custom_model_data":132},"model":"mcicons:auto_generated/icon_up_blue"},{"predicate":{"custom_model_data":133},"model":"mcicons:auto_generated/icon_down_gray"},{"predicate":{"custom_model_data":134},"model":"mcicons:auto_generated/icon_down_blue"},{"predicate":{"custom_model_data":135},"model":"mcicons:auto_generated/icon_next_white"},{"predicate":{"custom_model_data":136},"model":"mcicons:auto_generated/icon_next_orange"},{"predicate":{"custom_model_data":137},"model":"mcicons:auto_generated/icon_back_white"},{"predicate":{"custom_model_data":138},"model":"mcicons:auto_generated/icon_back_orange"},{"predicate":{"custom_model_data":139},"model":"mcicons:auto_generated/icon_cancel"},{"predicate":{"custom_model_data":140},"model":"mcicons:auto_generated/icon_confirm"},{"predicate":{"custom_model_data":141},"model":"mcicons:auto_generated/icon_lock"},{"predicate":{"custom_model_data":142},"model":"mcicons:auto_generated/icon_unlock"},{"predicate":{"custom_model_data":143},"model":"mcicons:auto_generated/icon_web"},{"predicate":{"custom_model_data":144},"model":"mcicons:auto_generated/icon_ender_chest"},{"predicate":{"custom_model_data":145},"model":"mcicons:auto_generated/icon_refresh"},{"predicate":{"custom_model_data":146},"model":"mcicons:auto_generated/icon_time_day"},{"predicate":{"custom_model_data":147},"model":"mcicons:auto_generated/icon_time_midnight"},{"predicate":{"custom_model_data":148},"model":"mcicons:auto_generated/icon_time_night"},{"predicate":{"custom_model_data":149},"model":"mcicons:auto_generated/icon_time_noon"},{"predicate":{"custom_model_data":150},"model":"mcicons:auto_generated/icon_time_sunrise"},{"predicate":{"custom_model_data":151},"model":"mcicons:auto_generated/icon_time_sunset"},{"predicate":{"custom_model_data":152},"model":"mcicons:auto_generated/icon_toggle_off"},{"predicate":{"custom_model_data":153},"model":"mcicons:auto_generated/icon_toggle_on"},{"predicate":{"custom_model_data":154},"model":"mcicons:auto_generated/icon_arrow_chest"},{"predicate":{"custom_model_data":155},"model":"mcicons:auto_generated/icon_plus"},{"predicate":{"custom_model_data":156},"model":"mcicons:auto_generated/icon_color_picker"},{"predicate":{"custom_model_data":157},"model":"mcicons:auto_generated/icon_comment"},{"predicate":{"custom_model_data":158},"model":"mcicons:auto_generated/icon_search"},{"predicate":{"custom_model_data":159},"model":"minecraft:item/paper"}]}