{
    "providers": [
	    {
            "type": "bitmap",
            "file": "symbols:eternal_logo.png",
            "ascent": 8,
            "height": 24,
            "chars": [
                "\u4E7E"
            ]
        },
		{
            "type": "bitmap",
            "file": "symbols:eternal_logo_big.png",
            "ascent": 20,
            "height": 29,
            "chars": [
                "\u4E7F"
            ]
        },
        {
            "type": "bitmap",
            "file": "minecraft:font/ascii.png",
            "ascent": 7,
            "chars": [
                "\u0020\u0021\u0022\u0023\u0024\u0025\u0026\u0027\u0028\u0029\u002a\u002b\u002c\u002d\u002e\u002f",
                "\u0030\u0031\u0032\u0033\u0034\u0035\u0036\u0037\u0038\u0039\u003a\u003b\u003c\u003d\u003e\u003f",
                "\u0040\u0041\u0042\u0043\u0044\u0045\u0046\u0047\u0048\u0049\u004a\u004b\u004c\u004d\u004e\u004f",
                "\u0050\u0051\u0052\u0053\u0054\u0055\u0056\u0057\u0058\u0059\u005a\u005b\u005c\u005d\u005e\u005f",
                "\u0060\u0061\u0062\u0063\u0064\u0065\u0066\u0067\u0068\u0069\u006a\u006b\u006c\u006d\u006e\u006f",
                "\u0070\u0071\u0072\u0073\u0074\u0075\u0076\u0077\u0078\u0079\u007a\u007b\u007c\u007d\u007e\u00a3",
                "\u0192\u2205\u00aa\u00ba\u00ab\u00bb\u0419\u0439\u0401\u0451\u2116\u04d8\u04d9\u0496\u0497\u04a2",
                "\u2261\u00b1\u2265\u2264\u2320\u2321\u00f7\u2248\u00b0\u2219\u00b7\u221a\u207f\u00b2\u25a0\u2208",
				"\u00a1\u2030\u00ad\u00b7\u20b4\u2260\u00bf\u00d7\u00d8\u00de\u04bb\u00f0\u00f8\u00fe\u0391\u0392",
                "\u0393\u0394\u0395\u0396\u0397\u0398\u0399\u039a\u039b\u039c\u039d\u039e\u039f\u03a0\u03a1\u03a3",
                "\u03a4\u03a5\u03a6\u03a7\u03a8\u03a9\u03b1\u03b2\u03b3\u03b4\u03b5\u03b6\u03b7\u03b8\u03b9\u03ba",
                "\u03bb\u03bc\u03bd\u03be\u03bf\u03c0\u03c1\u03c2\u03c3\u03c4\u03c5\u03c6\u03c7\u03c8\u03c9\u0402",
                "\u0405\u0406\u0408\u0409\u040a\u040b\u0410\u0411\u0412\u0413\u0414\u0415\u0416\u0417\u0418\u041a",
                "\u041b\u041c\u041d\u041e\u041f\u0420\u0421\u0422\u0423\u0424\u0425\u0426\u0427\u0428\u0429\u042a",
                "\u042b\u042c\u042d\u042e\u042f\u0430\u0431\u0432\u0433\u0434\u0435\u0436\u0437\u0438\u043a\u043b",
                "\u043c\u043d\u043e\u043f\u0440\u0441\u0442\u0443\u0444\u0445\u0446\u0447\u0448\u0449\u044a\u044b",
                "\u044c\u044d\u044e\u044f\u0454\u0455\u0456\u0458\u0459\u045a\u2013\u2014\u2018\u2019\u201c\u201d",
                "\u201e\u2026\u204a\u2190\u2191\u2192\u2193\u21c4\uff0b\u018f\u0259\u025b\u026a\u04ae\u04af\u04e8",
                "\u04e9\u02bb\u02cc\u037e\u0138\u1e9e\u00df\u20bd\u20ac\u0462\u0463\u0474\u0475\u04c0\u0472\u0473",
                "\u2070\u00b9\u00b3\u2074\u2075\u2076\u2077\u2078\u2079\u207a\u207b\u207c\u207d\u207e\u2071\u2122"
            ]
        },
        {"file":"ranks:font/pro.png","chars":["\ue250"],"height":7,"ascent":7,"type":"bitmap"},{"file":"ranks:font/hero.png","chars":["\ue251"],"height":7,"ascent":7,"type":"bitmap"},{"file":"ranks:font/warlord.png","chars":["\ue252"],"height":7,"ascent":7,"type":"bitmap"},{"file":"ranks:font/eternal.png","chars":["\ue253"],"height":7,"ascent":7,"type":"bitmap"},{"file":"ranks:font/eternalplus.png","chars":["\ue266"],"height":7,"ascent":7,"type":"bitmap"},{"file":"ranks:font/mod.png","chars":["\ue255"],"height":7,"ascent":7,"type":"bitmap"},{"file":"ranks:font/modplus.png","chars":["\ue267"],"height":7,"ascent":7,"type":"bitmap"},{"file":"ranks:font/dev.png","chars":["\ue257"],"height":7,"ascent":7,"type":"bitmap"},{"file":"ranks:font/media.png","chars":["\ue258"],"height":7,"ascent":7,"type":"bitmap"},{"file":"ranks:font/admin.png","chars":["\ue259"],"height":7,"ascent":7,"type":"bitmap"},{"file":"ranks:font/arrow.png","chars":["\ue25a"],"height":7,"ascent":7,"type":"bitmap"},{"file":"ranks:font/ally.png","chars":["\ue25b"],"height":7,"ascent":7,"type":"bitmap"},{"file":"ranks:font/clan.png","chars":["\ue25c"],"height":7,"ascent":7,"type":"bitmap"},{"file":"ranks:font/public.png","chars":["\ue25d"],"height":7,"ascent":7,"type":"bitmap"},{"file":"ranks:font/discord.png","chars":["\ue25e"],"height":7,"ascent":7,"type":"bitmap"},{"file":"ranks:font/server.png","chars":["\ue25f"],"height":7,"ascent":7,"type":"bitmap"},{"file":"ranks:font/faction.png","chars":["\ue260"],"height":7,"ascent":7,"type":"bitmap"},{"file":"ranks:font/question.png","chars":["\ue261"],"height":7,"ascent":7,"type":"bitmap"},{"file":"ranks:font/alert.png","chars":["\ue262"],"height":7,"ascent":7,"type":"bitmap"},{"file":"ranks:font/afk.png","chars":["\ue263"],"height":7,"ascent":7,"type":"bitmap"},{"file":"ranks:font/build.png","chars":["\ue264"],"height":7,"ascent":7,"type":"bitmap"},{"file":"ranks:font/sponsor.png","chars":["\ue265"],"height":7,"ascent":7,"type":"bitmap"}
    ]
}
